IXP_Country_ISO_Alpha2,IXPDB_ID,PDB_ID,IXP_name_IXPDB,IXP_name_PDB,IXP_City,IXP_region_continent,Date_Creation_PDB,Date_update_IXPDB,IXP_Website,IXP_Url_Stats
US,148,13,SIX (Seattle Internet Exchange),SIX Seattle,Seattle,North America,2010-07-29T00:00:00Z,2019-08-07T00:01:23Z,https://www.seattleix.net/,https://www.seattleix.net/statistics/
US,138,14,NYIIX (New York International IX),NYIIX,New York,North America,2010-07-29T00:00:00Z,2019-06-17T17:47:54Z,https://www.nyiix.net/locations/nyiix-new-york/,https://www.nyiix.net/mrtg/sum.html
GB,1,18,LINX LON1,LINX LON1,London,Europe,2010-07-29T00:00:00Z,2019-08-07T13:04:58Z,https://www.linx.net/,https://stats.linx.net/
AU,108,21,WA-IX,IX Australia WA,Perth/WA,Australia,2010-07-29T00:00:00Z,2019-08-07T01:01:38Z,http://www.ix.asn.au,https://metrics.ix.asn.au
US,137,23,NYIIX Los Angeles,NYIIX Los Angeles,Los Angeles,North America,2010-07-29T00:00:00Z,2019-06-17T17:48:00Z,https://www.nyiix.net/locations/nyiix-la/,https://www.nyiix.net/LA-mrtg/sum.html
CA,163,24,TorIX (Toronto Internet Exchange),TorIX,Toronto,North America,2010-07-29T00:00:00Z,2019-08-07T13:04:58Z,https://www.torix.ca/,https://www.torix.ca/traffic-statistics/
NL,2,26,AMS-IX,AMS-IX,Amsterdam,Europe,2010-07-29T00:00:00Z,2019-08-07T13:04:58Z,http://www.ams-ix.net/,https://www.ams-ix.net/statistics/
CH,22,29,Equinix Zurich (Equinix Internet Exchange - Zurich),Equinix Zurich,Zurich,Europe,2010-07-29T00:00:00Z,2019-08-07T13:04:58Z,https://www.equinix.ch/services/interconnection-connectivity/internet-exchange/,https://ix.equinix.com/
JP,44,30,JPIX - Tokyo (Japan Internet Exchange - Tokyo),JPIX TOKYO,Tokyo,Asia Pacific,2010-07-29T00:00:00Z,2019-06-17T06:42:25Z,https://www.jpix.ad.jp/en/,https://www.jpix.ad.jp/en/technical_traffic.php
DE,9,31,DE-CIX FRA (DE-CIX Frankfurt),DE-CIX Frankfurt,Frankfurt,Europe,2010-07-29T00:00:00Z,2019-08-07T13:04:58Z,https://fra.de-cix.net,https://www.de-cix.net/en/locations/germany/frankfurt/statistics
CH,7,33,CIXP (CERN Internet Exchange Point),CIXP,Geneva,Europe,2010-07-29T00:00:00Z,2019-06-07T15:00:42Z,http://www.cixp.net/,http://cixp.net/technical/members-traffic
IT,8,35,MIX (Milan Internet Exchange),MIX-IT,Milan,Europe,2010-07-29T00:00:00Z,2019-08-07T13:04:58Z,https://www.mix-it.net/,http://www.mix-it.net/statistics/cgi-bin/14all-Totale_globale.cgi?log=totaltraffic_global
FR,,40,,PARIX,Paris,Europe,2010-07-29T00:00:00Z,,http://www.parix.net/,http://www.parix.net/cgi-bin/mrtg-rrd.cgi/giga.parix.net_total.html
US,,41,,NYCX,New York,North America,2010-07-29T00:00:00Z,,http://www.nycx.net/,http://www.nycx.net/index.php?page=Traffic
HK,110,42,HKIX (Hong Kong Internet Exchange),HKIX,Hong Kong,Asia Pacific,2010-07-29T00:00:00Z,2019-05-28T18:13:59Z,https://www.hkix.net/,https://www.hkix.net/hkix/stat/aggt/hkix-aggregate.html
TW,113,43,TWIX - Taipei (Taiwan Internet Exchange),TWIX,Taipei,Asia Pacific,2010-07-29T00:00:00Z,2019-08-07T13:04:57Z,https://www.twix.net/index_e.html,https://www.twix.net/all_e.html
IE,20,48,INEX LAN1 (Internet Neutral Exchange Association Limited by Guarantee),INEX LAN1,Dublin,Europe,2010-07-29T00:00:00Z,2019-08-07T13:04:58Z,https://www.inex.ie/,https://www.inex.ie/ixp/statistics/ixp
AT,3,50,VIX (Vienna Internet Exchange),VIX,Vienna,Europe,2010-07-29T00:00:00Z,2019-08-05T11:01:16Z,http://www.vix.at,https://www.vix.at/vix_statistics.html
GB,18,53,LONAP Network (LONAP Ltd.),LONAP,London,Europe,2010-07-29T00:00:00Z,2019-08-07T00:01:41Z,https://www.lonap.net/,https://www.lonap.net/bandwidth.shtml
HU,55,55,BIX (Budapest Internet Exchange),BiX,Budapest,Europe,2010-07-29T00:00:00Z,2019-06-16T23:26:47Z,http://bix.hu/en,http://bix.hu/en/statistics
BE,4,59,BNIX (Belgian National Internet Exchange),BNIX,Brussels,Europe,2010-07-29T00:00:00Z,2019-05-27T12:53:59Z,https://www.bnix.net,https://bnix.net/en/content/figures
CH,34,60,Infrastructure #1 (SwissIX Internet Exchang),SwissIX,Zurich,Europe,2010-07-29T00:00:00Z,2019-08-07T13:04:58Z,https://www.swissix.ch/,https://www.swissix.net/infrastructure/traffic
ES,11,62,CATNIX (Catalunya Neutral Internet eXchange),CATNIX,Barcelona,Europe,2010-07-29T00:00:00Z,2019-08-07T13:04:58Z,http://www.catnix.net,http://www.catnix.net/en/statistics/
ES,62,63,ESPANIX Madrid Lower LAN,ESPANIX Madrid Lower LAN,Madrid,Europe,2010-07-29T00:00:00Z,2019-06-16T23:51:34Z,http://www.espanix.net,http://stats.espanix.net/
NL,27,64,NL-ix,NL-ix,Amsterdam,Europe,2010-07-29T00:00:00Z,2019-08-07T13:04:58Z,https://www.nl-ix.net/,https://www.nl-ix.net/traffic.php
FR,31,69,lyonix,LyonIX,Lyon,Europe,2010-07-29T00:00:00Z,2019-08-07T13:04:58Z,http://www.lyonix.net/,http://noc.rezopole.net/
SE,5,70,Netnod - Stockholm (Netnod - Stockholm),Netnod Stockholm,Stockholm,Europe,2010-07-29T00:00:00Z,2019-08-07T13:04:58Z,http://www.netnod.se,http://www.netnod.se/ix/statistics/
CZ,15,71,NIX.CZ (NIX.CZ  z.s.p.o.),NIX.CZ,Prague,Europe,2010-07-29T00:00:00Z,2019-08-06T14:00:18Z,http://www.nix.cz/,https://www.nix.cz/en/port/mrtg2/nix-all
PT,10,72,GIGAPIX (Gigabit Portuguese Internet Exchange),GigaPIX,Lisbon,Europe,2010-07-29T00:00:00Z,2019-04-16T11:00:55Z,http://www.gigapix.pt,https://gigapix.pt/pt/informacao-tecnica/estatisticas-de-trafego/
DE,77,73,ECIX-MUC,ECIX-MUC / INXS by ecix,Munich,Europe,2010-07-29T00:00:00Z,2019-06-16T23:58:56Z,https://www.ecix.net,https://www.ecix.net/infrastructure/statistics
DE,47,74,DE-CIX HAM (DE-CIX Hamburg),DE-CIX Hamburg,Hamburg,Europe,2010-07-29T00:00:00Z,2019-08-06T13:02:11Z,https://ham.de-cix.net,https://www.de-cix.net/locations/germany/hamburg/statistics
DK,29,78,DIX,DIX,Copenhagen,Europe,2010-07-29T00:00:00Z,2019-06-19T21:27:13Z,http://www.dix.dk/,http://www.dix.dk/
NO,19,83,NIX1 (Norwegian Internet eXchange),NIX1,Oslo,Europe,2010-07-29T00:00:00Z,2019-05-27T21:21:42Z,https://www.nix.no,https://www.nix.no/statistics/
SK,89,84,SIX Bratislava (Slovak Internet eXchange Bratislava),SIX.SK,Bratislava,Europe,2010-07-29T00:00:00Z,2019-07-30T14:01:23Z,http://www.six.sk,http://www.six.sk/stats
DE,21,87,BCIX (BCIX Management GmbH),BCIX,Berlin,Europe,2010-07-29T00:00:00Z,2019-08-05T12:01:12Z,https://www.bcix.de/,https://www.bcix.de/bcix/traffic/
US,267,89,MadIX (Madison Internet eXchange Peering Point),MadIX,Madison,North America,2010-07-29T00:00:00Z,2019-06-17T23:11:08Z,http://kb.wisc.edu/ns/page.php?id=6636,http://stats.net.wisc.edu/madix.html
DE,340,91,ECIX-DUS,ECIX-DUS,Duesseldorf,Europe,2010-07-29T00:00:00Z,2019-06-16T23:59:22Z,https://www.ecix.net/,https://www.ecix.net/infrastructure/statistics
JP,441,92,DIX-IE (Distributed IX in EDO),DIX-IE,Tokyo,Asia Pacific,2010-07-29T00:00:00Z,2019-06-18T22:09:54Z,http://nspixp.wide.ad.jp/,http://nspixp.wide.ad.jp/2/
JP,42,95,JPNAP - Tokyo (Japan Network Access Point - Tokyo),JPNAP Tokyo,Tokyo,Asia Pacific,2010-07-29T00:00:00Z,2019-08-07T13:04:58Z,https://www.jpnap.net/en/,https://www.jpnap.net/en/tokyo/traffic.html
PL,85,96,WIX - Poland (Warsaw Internet eXchange),WIX,Warsaw,Europe,2010-07-29T00:00:00Z,2019-06-17T06:49:00Z,http://www.wix.net.pl/,http://www.wix.net.pl/vxb/w/index.asp?statystyki_x=statystyki
FI,23,98,FICIX - Helsinki (Finnish Communication and Internet Exchange - Helsinki),FICIX 2 (Helsinki),Helsinki,Europe,2010-07-29T00:00:00Z,2019-05-27T22:18:32Z,https://www.ficix.fi/,https://stats-ficix.basen.com/#/page?name=StatsWelcome&source=wiki
RU,13,100,msk-ix (MSK-IX public peering VLAN),MSK-IX Moscow,Moscow,Europe,2010-07-29T00:00:00Z,2019-08-07T13:04:58Z,http://www.msk-ix.ru/en,http://www.msk-ix.ru/en/traffic
RU,87,107,spb-ix (SPB-IX public peering VLAN),MSK-IX Saint-Petersburg,St.Petersburg,Europe,2010-07-29T00:00:00Z,2019-07-04T14:10:04Z,http://www.msk-ix.ru/en/ix/spb,http://www.msk-ix.ru/en/traffic/
IT,14,115,TOP-IX (Torino Piemonte Exchange Point),TOP-IX,Turin,Europe,2010-07-29T00:00:00Z,2019-08-07T13:04:58Z,http://www.top-ix.org,http://www.top-ix.org/traffic-summary
BR,215,119,Equinix S??o Paulo,Equinix S??o Paulo,S??o Paulo,South America,2010-07-29T00:00:00Z,2019-06-06T21:26:27Z,https://www.equinix.com,https://ix.equinix.com
IT,17,121,NAMEX (NAMEX Roma IXP),NaMeX Rome IXP,Rome,Europe,2010-07-29T00:00:00Z,2019-08-07T13:04:58Z,https://www.namex.it,https://www.namex.it/statistics
DE,78,123,KleyReX (KleyReX),KleyReX,Frankfurt,Europe,2010-07-29T00:00:00Z,2019-08-06T17:01:39Z,http://www.kleyrex.net/,http://www.kleyrex.net/stats.html
US,256,127,OIX (Oregon Internet Exchange),Oregon Internet Exchange (OIX),Eugene  Oregon,North America,2010-07-29T00:00:00Z,2019-06-17T14:41:01Z,http://www.oregon-ix.net/,http://www.oregon-ix.net/stat-frme.html
JP,120,145,JPNAP - Osaka (Japan Network Access Point - Osaka),JPNAP Osaka,Osaka,Asia Pacific,2010-07-29T00:00:00Z,2019-06-17T14:04:42Z,https://www.jpnap.net/en/,https://www.jpnap.net/en/osaka/traffic.html
US,223,155,SFMIX (San Francisco Metropolitan Internet Exchange),SFMIX,San Francisco,North America,2010-07-29T00:00:00Z,2019-06-19T01:29:11Z,https://www.sfmix.org/,https://sfmix.org/services/statistics
BR,791,171,IX.br (PTT.br) S??o Paulo,IX.br (PTT.br) S??o Paulo,S??o Paulo/SP,South America,2010-12-11T00:00:00Z,2019-06-17T21:05:12Z,http://ix.br,http://ix.br/trafego/agregado/sp
SE,144,172,STHIX - Stockholm (Stockholm Internet eXchange AB),STHIX - Stockholm,Stockholm,Europe,2010-07-29T00:00:00Z,2019-08-07T12:01:37Z,http://www.sthix.net/,http://www.sthix.net/
BR,158,173,Porto Alegre (RS) (IX.br - Porto Alegre (RS)),IX.br (PTT.br) Porto Alegre,Porto Alegre/RS,South America,2010-12-11T00:00:00Z,2019-06-17T20:23:16Z,http://ix.br,http://ix.br/trafego/agregado/rs
BR,156,174,Curitiba (PR) (IX.br - Curitiba (PR)),IX.br (PTT.br) Curitiba,Curitiba/PR,South America,2010-12-11T00:00:00Z,2019-06-17T20:20:19Z,http://ix.br,http://ix.br/trafego/agregado/pr
BR,157,175,Florian¨®polis (SC) (IX.br - Florian¨®polis (SC)),IX.br (PTT.br) Florian¨®polis,Florian¨®polis/SC,South America,2010-12-11T00:00:00Z,2019-06-17T20:22:48Z,http://ix.br,http://ix.br/trafego/agregado/sc
BR,154,176,Belo Horizonte (MG) (IX.br - Belo Horizonte (MG)),IX.br (PTT.br) Belo Horizonte,Belo Horizonte/MG,South America,2010-12-11T00:00:00Z,2019-06-17T06:54:32Z,http://ix.br,http://ix.br/trafego/agregado/mg
BR,159,177,Rio de Janeiro (RJ) (IX.br - Rio de Janeiro (RJ)),IX.br (PTT.br) Rio de Janeiro,Rio de Janeiro/RJ,South America,2010-12-11T00:00:00Z,2019-06-17T20:23:47Z,http://ix.br/,http://ix.br/trafego/agregado/rj
BR,155,178,Bras¨ªlia (DF) (IX.br -  Bras¨ªlia (DF)),IX.br (PTT.br) Bras¨ªlia,Bras¨ªlia/DF,South America,2010-12-11T00:00:00Z,2019-06-17T14:14:51Z,http://ix.br,http://ix.br/trafego/agregado/df
UA,48,184,UA-IX (Ukrainian Internet Exchange),UA-IX,Kiev,Europe,2010-07-29T00:00:00Z,2019-06-16T23:25:57Z,http://www.ua-ix.net.ua/en,http://www.ix.net.ua/pro-kompaniyu/statystyka
SE,100,192,Netnod - Gothenburg (Netnod - Gothenburg),Netnod Gothenburg,Gothenburg,Europe,2010-07-29T00:00:00Z,2019-05-28T06:25:17Z,http://www.netnod.se,http://www.netnod.se/ix/statistics/
DK,294,193,Netnod Copenhagen,Netnod Copenhagen,Malmo / Copenhagen,Europe,2010-07-29T00:00:00Z,2019-06-19T01:18:52Z,http://www.netnod.se,http://www.netnod.se/ix/statistics/
SE,102,194,Netnod - Sundsvall (Netnod - Sundsvall),Netnod Sundsvall,Sundsvall,Europe,2010-07-29T00:00:00Z,2019-05-28T06:29:00Z,http://www.netnod.se,http://www.netnod.se/ix/statistics/
DE,30,209,ECIX-BER,ECIX-BER,Berlin,Europe,2010-07-29T00:00:00Z,2019-06-16T23:58:28Z,https://www.ecix.net/,https://www.ecix.net/infrastructure/statistics
ID,111,210,IIX Jakarta,IIX-Jakarta,Jakarta,Asia Pacific,2010-07-29T00:00:00Z,2019-05-28T13:43:16Z,http://www.iix.net.id,http://mrtg.iix.net.id
RU,86,223,nsk-ix (NSK-IX public peering VLAN),MSK-IX Novosibirsk,Novosibirsk,Asia Pacific,2010-07-29T00:00:00Z,2019-07-04T14:08:28Z,http://www.msk-ix.ru/en/ix/nsk,http://www.msk-ix.ru/en/traffic
IS,33,228,RIX (Reykjavik Internet Exchange),RIX,Reykjavik,Europe,2010-07-29T00:00:00Z,2019-05-28T06:07:27Z,https://www.rix.is/,https://www.rix.is/english/statistics.html
PL,151,230,PIX (Poznan Internet Exchange),POZIX,Poznan,Europe,2010-07-29T00:00:00Z,2019-06-17T20:18:05Z,http://www.pozix.pl/,https://www.pozix.pl/#statystyki
SE,106,231,IXOR (Internet eXchange point of the Oresund Region),MalmIX Malmo / IXOR,Malm??,Europe,2010-07-29T00:00:00Z,2019-05-28T16:22:22Z,http://www.ixor.se,http://www.ixor.se/statistics/
US,149,239,ChIX (Chicago Internet eXchange),ChIX,Chicago,North America,2010-07-29T00:00:00Z,2019-06-17T20:17:14Z,https://unitedix.net/location/chicago,https://unitedix.net/location/chicago/networks
NP,53,241,NPIX Putalisadak (Internet Exchange Nepal),npIX PTS,Kathmandu,Asia Pacific,2010-07-29T00:00:00Z,2019-07-17T05:01:20Z,http://www.npix.net.np/,http://www.npix.net.np/graph
DE,54,248,DE-CIX MUC (DE-CIX Munich),DE-CIX Munich,Munich,Europe,2010-07-29T00:00:00Z,2019-08-06T12:02:20Z,https://muc.de-cix.net,https://www.de-cix.net/locations/germany/munich/statistics
CO,69,252,NAP Colombia (NAP Colombia),NAP Colombia,Bogota,South America,2010-12-11T00:00:00Z,2019-06-19T01:08:38Z,http://nap.co,http://nap.co/html/estadisticas.php
FR,39,255,Equinix Paris (Equinix Internet Exchange - Paris),Equinix Paris,Paris,Europe,2010-07-29T00:00:00Z,2019-08-07T13:04:58Z,https://www.equinix-ix.fr/,https://ix.equinix.com/
SE,145,257,Netnod - Lulea (Netnod - Lulea),Netnod Lulea,Lulea,Europe,2010-07-29T00:00:00Z,2019-06-17T06:53:30Z,http://www.netnod.se,http://www.netnod.se/ix/statistics/
PL,36,264,Equinix WA IX (Equinix Warsaw),Equinix Warsaw (PLIX),Warsaw,Europe,2010-07-29T00:00:00Z,2019-08-07T13:04:58Z,http://www.plix.pl/,http://www.plix.pl/en/network/statistic
RO,37,270,InterLAN Internet Exchange (Interlan IX),InterLAN,Bucharest  Arad  Cluj-Napoca  Constanta  Craiova  Iasi  Suceava  Timisoara,Europe,2010-07-29T00:00:00Z,2019-08-05T11:00:14Z,https://www.interlan.ro/en/,https://ixpm.interlan.ro/statistics/ixp
EG,206,274,CAIX (Cairo Internet Exchange),CAIX,Cairo,Middle East,2010-07-29T00:00:00Z,2019-06-18T08:44:14Z,http://www.caix.net.eg/,http://www.caix.net.eg/index.php/technical-info/traffic-statistics
DE,341,291,ECIX-HAM,ECIX-HAM,Hamburg,Europe,2010-07-29T00:00:00Z,2019-06-16T23:59:46Z,https://www.ecix.net/,https://www.ecix.net/infrastructure/statistics
NO,99,298,NIX2 (Norwegian Internet Exchange 2),NIX2,Oslo,Europe,2010-07-29T00:00:00Z,2019-05-28T06:24:26Z,https://www.nix.no/,https://www.nix.no/statistics/
RO,16,301,RoNIX (Romanian Network for Internet eXchange),RoNIX,Bucharest,Europe,2010-07-29T00:00:00Z,2019-05-27T22:16:54Z,https://anisp.ro/,https://ronix.ro/
HR,28,303,CIX (Croatian Internet eXchange),CIX,Zagreb,Europe,2010-07-29T00:00:00Z,2019-05-28T06:00:44Z,http://www.cix.hr/,http://www.cix.hr/en/about-cix/traffic-statistics/traffic-summary
IT,38,311,VSIX (VSIX Nap del Nord Est),VSIX,Padova,Europe,2010-07-29T00:00:00Z,2019-08-07T13:04:58Z,http://www.vsix.it/,https://www.vsix.it/en/support/statistics.htm
NL,146,313,R-iX (Rotterdam Internet eXchange),R_iX,Rotterdam,Europe,2010-07-29T00:00:00Z,2019-06-17T14:11:12Z,https://www.r-ix.nl,https://www.r-ix.nl/#Traffic
BR,214,314,Londrina (LDA) (IX.br - Londrina (LDA)),IX.br (PTT.br) Londrina,Londrina/PR,South America,2010-07-29T00:00:00Z,2019-06-17T20:24:40Z,http://ix.br,http://ix.br/trafego/agregado/lda
SI,25,319,SIX (Slovenian Internet Exchange),SIX SI,Ljubljana,Europe,2010-07-29T00:00:00Z,2019-05-27T22:19:53Z,https://www.arnes.si/infrastructure/six-slovenian-internet-exchange/,https://www.arnes.si/infrastructure/six-slovenian-internet-exchange/six-traffic/
GB,600,321,LINX LON2,LINX LON2,London,Europe,2010-07-29T00:00:00Z,2019-08-07T13:04:58Z,http://www.linx.net/,https://stats.linx.net/
BG,197,326,Balkan-IX (Balkan Internet Exchange),B-IX,Sofia,Europe,2010-07-29T00:00:00Z,2019-06-17T22:54:14Z,http://www.b-ix.net/,http://www.b-ix.net/technical/statistics/
UA,198,327,DTEL-IX (Digital Telecom Internet Exchange),DTEL-IX,Kiev,Europe,2010-07-29T00:00:00Z,2019-08-07T13:04:57Z,https://dtel-ix.net/en/,https://dtel-ix.net/en/st
FI,46,328,TREX (TREX Regional Exchanges Oy),TREX,Tampere,Europe,2010-07-29T00:00:00Z,2019-08-07T13:04:58Z,http://www.trex.fi/,https://stats-trex.basen.com/
BG,40,331,BIX.BG (Bulgarian Internet eXchange),BIX.BG,Sofia,Europe,2010-07-29T00:00:00Z,2019-06-16T23:14:37Z,http://www.bix.bg/,http://www.bix.bg/en/technical_information/traffic_statistics.html
GR,752,347,GR-IX::Athens (Greek Internet Exchange),GR-IX::Athens,Athens,Europe,2010-07-29T00:00:00Z,2019-07-31T08:01:57Z,http://www.gr-ix.gr/,http://www.gr-ix.gr/traffic/
RU,169,350,ekt-ix (EKT-IX public peering VLAN),MSK-IX Ekaterinburg,Ekaterinburg,Asia Pacific,2010-07-29T00:00:00Z,2019-05-28T23:45:21Z,http://www.msk-ix.ru/en/ix/ekt,http://www.msk-ix.ru/en/traffic
CA,266,355,QiX (Quebec Internet eXchange),QIX,Montreal,North America,2010-07-29T00:00:00Z,2019-06-17T23:10:33Z,https://www.qix.ca/?lang=en,https://www.qix.ca/network?lang=en
RU,523,358,DataIX - Ufa (DataIX - Ufa),DATAIX,Frankfurt  Stockholm  Helsinki  Amsterdam  St.Petersburg  Moscow  Ekaterinburg  Ufa  Novosibirsk  Omsk  Khabarovsk Kiev  Kharkov  Odessa,Europe,2010-07-29T00:00:00Z,2019-06-17T09:05:16Z,http://www.dataix.ru,http://graphs.dataix.ru/total.png
FR,41,359,France-IX (FranceIX Paris),France-IX Paris,Paris,Europe,2010-07-29T00:00:00Z,2019-03-01T12:02:18Z,https://www.franceix.net,https://tools.franceix.net/pops
TZ,50,361,TIX - Tanzania (Tanzania Internet eXchange),TIX Tanzania - Dar es Salaam,Dar es Salaam,Africa,2010-07-29T00:00:00Z,2019-06-18T08:34:57Z,http://tix.or.tz/,https://stats.tix.or.tz/
CW,61,366,AMS-IX Caribbean,AMS-IX Caribbean,Curacao,South America,2013-05-12T00:00:00Z,2019-08-07T10:00:58Z,http://www.ams-ix.cw/,https://cw.ams-ix.net/technical--2/statistics
RO,291,372,Balcan-IX (Balcan-IX),Balcan-IX,Bucharest,Europe,2010-07-29T00:00:00Z,2019-06-19T21:10:23Z,http://www.balcan-ix.net,http://balcan-ix.net/new/en/traffic-statistics/
RU,170,378,vlv-ix (VLV-IX public peering VLAN),MSK-IX Vladivostok,Vladivostok,Asia Pacific,2010-07-29T00:00:00Z,2019-08-07T10:01:27Z,http://www.msk-ix.ru/en/ix/vlv,http://www.msk-ix.ru/en/traffic
RU,88,379,smr-ix (SMR-IX public peering VLAN),MSK-IX Samara,Samara,Europe,2010-07-29T00:00:00Z,2019-08-07T10:01:27Z,http://www.msk-ix.ru/en/ix/smr,http://www.msk-ix.ru/en/traffic
RU,178,380,rnd-ix (RND-IX public peering VLAN),MSK-IX Rostov-on-Don,Rostov-on-Don,Europe,2010-07-29T00:00:00Z,2019-08-07T10:01:26Z,http://www.msk-ix.ru/en/ix/rnd,http://www.msk-ix.ru/en/traffic/
LV,83,383,LIX - Latvia (Latvian Internet eXchange),LIX-LV,Riga,Europe,2010-07-29T00:00:00Z,2019-06-19T01:16:48Z,http://www.lix.lv,http://www.lix.lv/site/load
IE,645,387,INEX LAN2 (Internet Neutral Exchange Association Limited by Guarantee),INEX LAN2,Dublin,Europe,2010-07-29T00:00:00Z,2019-08-06T11:00:20Z,https://www.inex.ie/,https://www.inex.ie/ixp/statistics/ixp
RU,275,398,kzn-ix (KZN-IX public peering VLAN),MSK-IX Kazan,Kazan,Europe,2010-07-29T00:00:00Z,2019-08-07T10:01:04Z,http://www.msk-ix.ru/en/ix/kzn,http://www.msk-ix.ru/en/traffic/
BR,262,415,Campinas (CAS) (IX.br - Campinas (CAS)),IX.br (PTT.br) Campinas,Campinas/SP,South America,2010-07-31T00:00:00Z,2019-06-17T20:25:16Z,http://ix.br,http://ix.br/trafego/agregado/cas
UG,96,422,Kampala 1 (Uganda Internet eXchange Point),UIXP,Kampala,Africa,2010-08-18T00:00:00Z,2019-08-06T16:02:03Z,https://uixp.co.ug/,https://portal.uixp.co.ug/public-statistics/public
SG,371,429,SGIX (Singapore Internet Exchange),SGIX,Singapore,Asia Pacific,2010-09-10T00:00:00Z,2019-06-18T02:12:50Z,https://www.sgix.sg,https://www.sgix.sg/traffic-statistics/
AT,348,430,GraX (Grazer Internet Exchange ),GraX,Graz,Europe,2010-09-14T00:00:00Z,2019-06-18T02:05:31Z,http://www.grax.at/,http://www.grax.at/traffic/
GB,281,435,IXLeeds (Leeds Internet Exchange),IX Leeds,Leeds / Western Yorkshire,Europe,2010-09-21T00:00:00Z,2019-06-17T23:52:49Z,http://ixleeds.net,http://ixleeds.net/graphs.php
US,335,446,MICE (Midwest Internet Cooperative Exchange),MICE,Minneapolis  MN,North America,2010-10-09T00:00:00Z,2019-06-17T15:00:04Z,http://www.micemn.net,http://micelg.usinternet.com/export/
GU,472,463,GU-IX (Guam Internet Exchange),GU-IX,Guam,Asia Pacific,2010-12-09T00:00:00Z,2019-06-18T22:18:02Z,http://www.gu-ix.net,http://www.gu-ix.net/stats/
PL,436,474,EPIX Warsaw (e-Poludnie Internet Exchange),EPIX.Warszawa-KIX,Warsaw,Europe,2011-01-15T00:00:00Z,2019-03-13T22:16:00Z,http://www.epix.net.pl/,http://www.epix.net.pl/narzedzia/statystyki-epix/#epix-katowice-stats
PL,346,481,Thinx (Thinx),Thinx,Warsaw,Europe,2011-02-06T00:00:00Z,2019-06-17T14:27:00Z,http://www.atman.pl,https://portal.atman.pl/stats/acx.jsf
PL,401,482,TPIX (Orange Polska Internet Exchange),TPIX,Warsaw,Europe,2011-02-06T00:00:00Z,2019-06-13T21:05:54Z,http://www.tpix.pl/en,http://www.tpix.pl/en/statystyki_en.html
NG,60,488,IXPN (Internet Exchange Point of Nigeria),IXPN Lagos,Lagos,Africa,2011-03-03T00:00:00Z,2019-06-17T14:01:25Z,http://www.ixp.net.ng,http://rt1.ixp.net.ng/mrtg/totalixpnlagos.html
PL,548,491,EPIX (e-Poludnie Internet Exchange),EPIX.Katowice,Katowice/Silesia,Europe,2011-03-25T00:00:00Z,2019-06-19T07:19:12Z,http://www.epix.net.pl/,http://www.epix.net.pl/narzedzia/statystyki-epix/#epix-katowice-stats
FI,172,492,FICIX - Oulu (Finnish Communication and Internet Exchange - Oulu),FICIX 3 (Oulu),Oulu,Europe,2011-03-19T00:00:00Z,2019-05-29T00:20:34Z,http://www.ficix.fi/,http://stats.ficix.fi/
US,418,499,MKEIX (Milwaukee Internet Exchange),MKE-IX,Milwaukee,North America,2011-06-02T00:00:00Z,2019-06-19T01:00:38Z,http://www.mkeix.net,http://www.mkeix.net/stats
RU,293,512,PIRIX (PIRIX Internet Exchange),PIRIX,St.Petersburg,Europe,2011-05-12T00:00:00Z,2019-06-17T23:56:22Z,http://www.pirix.ru,http://pirix.ru/statistics/
AU,393,513,VIC-IX,IX Australia VIC,Melbourne/Victoria,Australia,2011-05-12T00:00:00Z,2019-08-07T01:01:35Z,http://www.waia.asn.au,https://metrics.ix.asn.au
LT,,526,,LIXP,Vilnius,Europe,2011-08-05T00:00:00Z,,http://www.lixp.lt/en/,http://www.lixp.lt/en/network/stat
MZ,338,528,MOZ-IX (Mozambique Internet Exchange Point ),MOZIX,Maputo,Africa,2011-08-09T00:00:00Z,2019-06-17T23:59:54Z,http://www.mozix.org.mz,http://www.mozix.org.mz/mrtg
LI,483,543,Rheintal IX (Rheintal IX),Rheintal IX,Eschen/LI  Feldkirch/AT  St. Gallen/CH,Europe,2011-12-06T00:00:00Z,2019-06-13T22:32:01Z,http://www.rheintal-ix.net,http://www.rheintal-ix.net/traffic/
BR,160,556,Salvador (BA) (IX.br - Salvador (BA)),IX.br (PTT.br) Salvador,Salvador/BA,South America,2012-01-16T00:00:00Z,2019-06-18T08:42:23Z,http://ix.br,http://ix.br/trafego/agregado/ba
BR,376,558,Caxias do Sul (CXJ) (IX.br - Caxias do Sul (CXJ)),IX.br (PTT.br) Caxias do Sul,Caxias do Sul/RS,South America,2012-01-24T00:00:00Z,2019-06-17T15:03:38Z,http://ix.br,http://ix.br/trafego/agregado/cxj
SK,167,559,SIX - Ko??ice (Slovak Internet eXchange - Ko??ice),SIX.SK Ko??ice,Ko??ice,Europe,2012-01-30T00:00:00Z,2019-05-09T14:59:30Z,http://www.six.sk,http://www.six.sk/statske
JP,119,564,JPIX - Osaka (Japan Internet Exchange - Osaka),JPIX OSAKA,Osaka,Asia Pacific,2012-02-02T00:00:00Z,2019-06-17T06:49:50Z,https://www.jpix.ad.jp/en/,https://www.jpix.ad.jp/en/technical_traffic.php
BR,284,575,Goi??nia (GYN) (IX.br - Goi??nia (GYN)),IX.br (PTT.br) Goi??nia,Goi??nia/GO,South America,2012-03-25T00:00:00Z,2019-06-17T20:26:59Z,http://ix.br,http://ix.br/trafego/agregado/gyn
AU,392,576,QLD-IX,IX Australia QLD,Brisbane/Queensland,Australia,2012-03-22T00:00:00Z,2019-08-07T01:01:31Z,http://www.ix.asn.au,https://metrics.ix.asn.au
HK,356,577,AMS-IX Hong Kong,AMS-IX Hong Kong,Hong Kong,Asia Pacific,2012-03-28T00:00:00Z,2019-08-07T10:00:56Z,http://www.ams-ix.hk,http://www.ams-ix.hk/total-traffic-statistics
RU,384,580,stw-ix (STW-IX public peering VLAN),MSK-IX Stavropol,Stavropol,Europe,2012-05-23T00:00:00Z,2019-08-07T10:01:28Z,http://www.msk-ix.ru/en/ix/stw,http://www.msk-ix.ru/en/traffic
NO,192,582,BIX Bergen (Bergen Internet Exchange),BIX Bergen,Bergen,Europe,2012-05-24T00:00:00Z,2019-06-18T08:42:57Z,https://www.nix.no/,https://www.nix.no/statistics/
GB,349,583,LINX Manchester,LINX Manchester,Manchester,Europe,2012-06-02T00:00:00Z,2019-08-07T13:04:58Z,http://www.linx.net,http://portal.linx.net
AE,373,587,UAE-IX (United Arab Emirates Internet Exchange),UAE-IX,Dubai,Middle East,2012-06-12T00:00:00Z,2019-06-19T01:19:37Z,http://www.uae-ix.net,http://www.uae-ix.net/about-uae-ix/statistics/
ZA,351,592,NAPAfrica IX Johannesburg (NAPAfrica),NAPAfrica IX Johannesburg,Johannesburg,Africa,2012-07-19T00:00:00Z,2019-08-07T07:02:05Z,https://www.napafrica.net,https://www.napafrica.net/napafrica-traffic/
ZA,648,597,NAPAfrica IX Cape Town (NAPAfrica),NAPAfrica IX Cape Town,Cape Town,Africa,2012-07-27T00:00:00Z,2019-08-07T07:02:22Z,http://www.teraco.co.za,http://www.napafrica.net/napafrica-traffic/
BR,283,603,Campina Grande (CPV) (IX.br - Campina Grande (CPV)),IX.br (PTT.br) Campina Grande,Campina Grande/PB,South America,2012-07-30T00:00:00Z,2019-06-17T20:26:20Z,http://ix.br,http://ix.br/trafego/agregado/cpv
US,423,627,SNAP (Southeast Network Access Point),SNAP,Atlanta,North America,2012-11-20T00:00:00Z,2019-06-18T22:08:59Z,http://www.southeastnap.com/,http://www.southeastnap.com/about_us/statistics/
CD,204,628,KINIX (KINshasa Internet eXchange point),KINIX,Kinshasa,Africa,2012-11-20T00:00:00Z,2019-06-17T22:58:15Z,http://www.ispa-drc.cd,http://www.ispa-drc.cd
BR,289,638,S??o Jos¨¦ dos Campos (SJC) (IX.br - S??o Jos¨¦ dos Campos (SJC)),IX.br (PTT.br) S??o Jos¨¦ dos Campos,Sao Jos¨¦ dos Campos/SP,South America,2012-12-17T00:00:00Z,2019-06-17T14:58:12Z,http://ix.br,http://ix.br/trafego/agregado/sjc
CA,398,639,YYCIX (Calgary Internet Exchange),YYCIX,Calgary,North America,2013-01-02T00:00:00Z,2019-08-07T13:04:58Z,http://yycix.ca,http://yycix.ca/graphs.html
UA,165,655,Giganet (Giganet),GigaNET,Kiev,Europe,2013-02-24T00:00:00Z,2019-05-28T23:41:57Z,http://giganet.ua/en,http://giganet.ua/en/statistics
US,268,662,Phoenix-IX (Phoenix Internet Exchange),Phoenix IX,Phoenix,North America,2013-03-12T00:00:00Z,2019-06-19T00:27:20Z,http://www.phoenix-ix.net,http://phoenix-ix.net/traffic.html
DE,431,676,ECIX-FRA,ECIX-FRA,Frankfurt,Europe,2013-04-09T00:00:00Z,2019-08-01T13:01:12Z,https://www.ecix.net,https://www.ecix.net/infrastructure/statistics
RU,493,683,YAR-IX (Yaroslavl Internet Exchange),YAR-IX,Yaroslavl,Europe,2013-05-02T00:00:00Z,2019-06-14T14:12:01Z,http://yar-ix.net,http://yar-ix.net/network/stat/
AU,391,691,SA-IX,IX Australia SA,Adelaide,Australia,2013-05-02T00:00:00Z,2019-08-07T01:01:34Z,http://www.ix.asn.au,https://metrics.ix.asn.au
GH,92,694,GIX - Accra (Ghana Internet Exchange),GIXA,Accra,Africa,2013-05-15T00:00:00Z,2019-05-28T06:10:32Z,http://www.gixa.org.gh,http://www.gixa.org.gh/trafficgraph.html
BG,413,699,NetIX (NetIX),NetIX,Sofia,Europe,2013-05-26T00:00:00Z,2019-06-18T22:05:46Z,http://www.netix.net,http://212.73.140.125/summary/
CA,399,703,MBIX (Manitoba Internet Exchange),MBIX,Winnipeg  Manitoba,North America,2013-06-01T00:00:00Z,2019-06-12T21:32:19Z,http://www.mbix.ca/,http://www.mbix.ca/statistics/
BR,264,705,Recife (PE) (IX.br - Recife (PE)),IX.br (PTT.br) Recife,Recife/PE,South America,2013-06-15T00:00:00Z,2019-06-17T20:25:51Z,http://ix.br,http://ix.br/trafego/agregado/pe
BR,377,706,Vit¨®ria (VIX) (IX.br -  Vit¨®ria (VIX)),IX.br (PTT.br) Vit¨®ria,Vit¨®ria/ES,South America,2013-06-15T00:00:00Z,2019-06-17T20:28:15Z,http://ix.br,http://ix.br/trafego/agregado/vix
BR,375,707,Manaus (MAO) (IX.br - Manaus (MAO)),IX.br (PTT.br) Manaus,Manaus/AM,South America,2013-06-15T00:00:00Z,2019-06-17T08:51:50Z,http://ix.br,http://ix.br/trafego/agregado/mao
BR,379,708,Natal (NAT) (IX.br - Natal (NAT)),IX.br (PTT.br) Natal,Natal/RN,South America,2013-06-15T00:00:00Z,2019-06-17T20:29:10Z,http://ix.br,http://ix.br/trafego/agregado/nat
BR,374,709,S??o Jos¨¦ do Rio Preto (SJP) (IX.br - S??o Jos¨¦ do Rio Preto (SJP)),IX.br (PTT.br) S??o Jos¨¦ do Rio Preto,S??o Jos¨¦ do Rio Preto/SP,South America,2013-06-15T00:00:00Z,2019-06-18T12:04:56Z,http://ix.br,http://ix.br/trafego/agregado/sjp
BR,263,710,Fortaleza (CE) (IX.br - Fortaleza (CE)),IX.br (PTT.br) Fortaleza,Fortaleza/CE,South America,2013-06-16T00:00:00Z,2019-06-17T14:41:55Z,http://ix.br,http://ix.br/trafego/agregado/ce
BR,378,711,Bel¨¦m (BEL) (IX.br Bel¨¦m (BEL)),IX.br (PTT.br) Bel¨¦m,Bel¨¦m/PA,South America,2013-06-16T00:00:00Z,2019-06-17T20:28:40Z,http://ix.br,http://ix.br/trafego/agregado/bel
CZ,410,713,Peering.cz (Commercial peering center in Prague),Peering.cz,Prague  Bratislava  Vienna,Europe,2013-06-23T00:00:00Z,2019-06-13T22:05:41Z,http://www.peering.cz,http://www.peering.cz/traffic
AU,394,716,NSW-IX,IX Australia NSW,Sydney/NSW,Australia,2013-06-25T00:00:00Z,2019-08-07T01:01:26Z,http://www.ix.asn.au,https://metrics.ix.asn.au
GB,409,745,LINX Scotland,LINX Scotland,Scotland,Europe,2013-08-20T00:00:00Z,2019-08-07T13:04:58Z,http://www.linx.net,http://portal.linx.net
CA,386,776,WPG-IX (Winnipeg Internet Exchange),WPGIX,Winnipeg,North America,2013-10-06T00:00:00Z,2019-06-12T21:21:22Z,http://wpgix.net/,http://wpgix.net/ix-daily.png
US,426,777,LINX NoVA,LINX NoVA,Northern Virginia,North America,2013-10-10T00:00:00Z,2019-08-07T13:04:58Z,https://www.linx.net/linx-nova,https://stats.linx.net/lans#nva1
AU,563,779,IX-MEL (Melbourne IX),MegaIX Melbourne,Melbourne,Australia,2013-10-25T00:00:00Z,2019-08-06T06:01:33Z,https://megaport.com,https://www.megaport.com/services/ix-statistics/
AU,570,780,IX-SYD (Sydney IX),MegaIX Sydney,Sydney,Australia,2013-10-25T00:00:00Z,2019-08-06T06:01:21Z,https://megaport.com,https://www.megaport.com/services/ix-statistics/
AU,606,781,IX-BNE (Brisbane IX),MegaIX Brisbane,Brisbane,Australia,2013-10-25T00:00:00Z,2019-08-06T06:01:30Z,https://megaport.com,https://www.megaport.com/services/ix-statistics/
BR,497,790,Lajeado (LAJ) (IX.br - Lajeado (LAJ)),IX.br (PTT.br) Lajeado,Lajeado/RS,South America,2013-10-22T00:00:00Z,2019-06-14T14:18:38Z,http://ix.br/,http://ix.br/trafego/agregado/laj
DE,404,796,BREM-IX (Bremen Internet Exchange),BREM-IX,Bremen,Europe,2013-11-02T00:00:00Z,2019-06-13T21:41:58Z,http://www.brem-ix.net/,http://www.brem-ix.net/traffic
US,425,804,DE-CIX NYC (DE-CIX New York),DE-CIX New York,New York,North America,2013-11-13T00:00:00Z,2019-08-06T17:01:32Z,https://www.de-cix.net/locations/united-states/new-york,https://www.de-cix.net/locations/united-states/new-york/statistics
CI,205,810,CIVIX (Cote d¡¯Ivoire Internet eXchange Point),CIVIX,Abidjan,Africa,2013-12-06T00:00:00Z,2019-06-19T00:25:49Z,http://www.civix.ci,http://stats.civix.ci/cacti/graph_view.php
BR,498,818,Maring¨¢ (MGF) (IX.br - Maring¨¢ (MGF)),IX.br (PTT.br) Maring¨¢,Maring¨¢/PR,South America,2014-01-08T00:00:00Z,2019-06-14T14:19:17Z,http://ix.br/,http://ix.br/trafego/agregado/mgf
TW,185,823,TPIX - Taipei (Taipei Internet Exchange),TPIX-TW,Taipei/Taiwan,Asia Pacific,2014-01-26T00:00:00Z,2019-06-10T11:06:57Z,http://www.tpix.net.tw/,http://www.tpix.net.tw/traffic.html
IN,634,832,Mumbai IX (Mumbai IX),Mumbai IX,Mumbai,Asia Pacific,2014-02-19T00:00:00Z,2019-06-16T18:46:10Z,https://www.mumbai-ix.net,https://www.mumbai-ix.net/en/graph
AM,372,851,ARMIX (Armenian Internet Traffic Exchange),ArmIX,Yerevan,Europe,2014-04-06T00:00:00Z,2019-06-18T02:16:57Z,http://armix.am,http://mrtg.armix.am/mrtg1/
BR,500,859,Cuiab¨¢ (CGB) (IX.br - Cuiab¨¢ (CGB)),IX.br (PTT.br) Cuiab¨¢,Cuiab¨¢/MT,South America,2014-04-25T00:00:00Z,2019-06-16T17:40:45Z,http://ix.br,http://ix.br/trafego/agregado/cgb
CZ,588,864,BR-IX (Brno Internet Exchange Point),BR-IX,Brno,Europe,2014-05-05T00:00:00Z,2019-06-17T09:07:08Z,http://www.br-ix.cz,http://br-ix.cz/stats.png
RU,141,876,RED-IX (RED-IX (former KRS-IX)),RED-IX,Krasnoyarsk,Europe,2014-06-16T00:00:00Z,2019-06-17T20:16:18Z,http://webra.ru,http://www.red-ix.ru/members/statistics
FR,434,880,France-IX (FranceIX Marseille),France-IX Marseille,Marseille,Europe,2014-06-16T00:00:00Z,2019-08-05T10:01:06Z,https://www.franceix.net/en/france-ix-marseille/,https://tools.franceix.net/pops
NA,,922,,IXP Namibia,Windhoek,Africa,2014-08-26T00:00:00Z,,http://dev.ixp.org.na/,http://dev.ixp.org.na/graphs/
US,635,938,TahoeIX (Tahoe Internet Exchange),TahoeIX,Northern Nevada,North America,2014-09-29T00:00:00Z,2019-06-16T18:46:44Z,http://www.tahoeix.org,http://www.tahoeix.org#stats
TT,536,940,TTIX,TTIX,Barataria,South America,2014-09-29T00:00:00Z,2019-06-18T23:28:30Z,https://ix.tt,https://ix.tt/statistics
US,533,944,AMS-IX USA Chicago,AMS-IX Chicago,Chicago,North America,2014-09-29T00:00:00Z,2019-08-07T10:00:59Z,https://chi.ams-ix.net,https://chi.ams-ix.net/statistics
US,543,954,FL-IX (Florida Internet Exchange),FL-IX,Miami,North America,2014-10-08T00:00:00Z,2019-06-17T17:38:20Z,http://www.communityix.org/index.php/about-fl-ix/,https://my.fl-ix.net/ixp_peering-flix-agg-bits-month.png
SG,574,965,IX-SIN (Singapore IX),MegaIX Singapore,Singapore,Asia Pacific,2014-10-23T00:00:00Z,2019-08-06T06:01:37Z,https://megaport.com,https://www.megaport.com/services/ix-statistics/
ZA,649,969,NAPAfrica IX Durban (NAPAfrica),NAPAfrica IX Durban,Durban,Africa,2014-11-02T00:00:00Z,2019-08-07T07:02:31Z,http://www.napafrica.net/napafrica-traffic/durban-internet-exchange/,http://www.napafrica.net/napafrica-traffic/
AU,323,976,ACT-IX,IX Australia ACT,Canberra/ACT,Australia,2014-11-05T00:00:00Z,2019-08-07T01:01:26Z,http://www.ix.asn.au,https://metrics.ix.asn.au
NZ,586,977,AKL-IX (Auckland Internet Exchange),AKL-IX,Auckland,Australia,2014-11-05T00:00:00Z,2019-06-18T12:16:33Z,http://www.ix.nz,https://metrics.ix.nz/
NZ,572,984,IX-AKL (Auckland IX),MegaIX Auckland,Auckland,Australia,2014-11-26T00:00:00Z,2019-08-06T06:01:39Z,https://megaport.com,https://www.megaport.com/services/ix-statistics/
US,662,1006,DET-IX (Detroit Internet Exchange),DET-IX,Detroit,North America,2015-01-12T00:00:00Z,2019-06-18T23:42:29Z,http://www.detroitix.com,http://stats.detroitix.com
AO,531,1007,angonix,angonix,Luanda,Africa,2015-01-12T00:00:00Z,2019-06-19T21:08:40Z,http://angonix.net/,http://angonix.net/about-angonix/statistics/
AT,663,1009,Tirol-IX (Tirol-IX),Tirol-IX,Innsbruck/Tirol,Europe,2015-01-13T00:00:00Z,2019-06-18T23:43:05Z,http://tirol-ix.at/,http://tirol-ix.at/
GB,544,1016,LINX Cardiff,LINX Cardiff,Cardiff,Europe,2015-01-30T00:00:00Z,2019-08-07T13:04:58Z,https://www.linx.net/,http://portal.linx.net
FR,564,1019,AuvernIX (AuvernIX),AuvernIX,Clermont-Ferrand,Europe,2015-01-30T00:00:00Z,2019-08-07T13:04:58Z,http://www.auvernix.org,http://www.auvernix.org/nos-outils/
CR,541,1023,CRIX (NIC Costa Rica - Academia Nacional de Ciencias),CRIX,San Jose,North America,2015-02-07T00:00:00Z,2019-08-07T13:04:58Z,https://www.crix.cr/,https://www.crix.cr/estadisticas
TH,587,1025,Bangkok Neutral Internet Exchange (BKNIX),BKNIX,Bangkok,Asia Pacific,2015-02-16T00:00:00Z,2019-08-07T13:04:58Z,https://bknix.co.th,https://bknix.co.th/en/statistics
RW,295,1032,RINEX (Rwanda Internet Exchange),RINEX,Kigali,Africa,2015-03-02T00:00:00Z,2019-08-07T13:04:58Z,http://www.rinex.org.rw,http://rinex.org.rw/spip.php?page=aggregate_traffic
BG,731,1056,IX-SOF (Sofia IX),MegaIX Sofia,Sofia,Europe,2015-04-06T00:00:00Z,2019-08-06T06:01:46Z,https://megaport.com,https://www.megaport.com/services/ix-statistics/
AT,553,1073,SAIX (Salzburg Internet eXchange),SAIX,Salzburg,Europe,2015-05-20T00:00:00Z,2019-06-17T15:25:18Z,https://www.saix.at/,https://www.saix.at/statistics.html
US,665,1086,MASS IX (MASS IX),MASS-IX,Boston,North America,2015-05-12T00:00:00Z,2019-06-19T00:40:34Z,http://www.mass-ix.net,http://www.mass-ix.net/peering.html#stats
CH,632,1094,GE-CIX (GE-CIX),GE-CIX,Zurich,Europe,2015-07-02T00:00:00Z,2019-06-16T18:45:09Z,http://www.ge-cix.net/,http://www.ge-cix.net/get-connected/asns/
TN,370,1105,TunIXP (Tunisian Internet eXchange),TunIXP,Tunis,Africa,2015-07-02T00:00:00Z,2019-06-18T02:16:22Z,http://www.ati.tn/TunIXP/,http://webmaster@ati.tn
IT,558,1131,DE-CIX PMO (DE-CIX Palermo),DE-CIX Palermo,Palermo,Europe,2015-08-26T00:00:00Z,2019-07-15T09:02:23Z,https://pmo.de-cix.net,https://www.de-cix.net/en/locations/italy/palermo/statistics
ES,667,1146,ESPANIX Madrid Upper LAN,ESPANIX Madrid Upper LAN,Madrid,Europe,2015-10-01T00:00:00Z,2019-06-17T09:10:51Z,http://www.espanix.net,http://stats.espanix.net/
FR,559,1149,DE-CIX Marseille (DE-CIX Marseille),DE-CIX Marseille,Marseille,Europe,2015-10-09T00:00:00Z,2019-06-16T23:23:48Z,https://mrs.de-cix.net,https://www.de-cix.net/locations/france/marseille/statistics
TR,560,1150,DE-CIX Istanbul (DE-CIX Istanbul),DE-CIX Istanbul,Istanbul,Europe,2015-10-09T00:00:00Z,2019-06-16T17:46:06Z,https://www.de-cix.net/locations/turkey/istanbul,https://www.de-cix.net/locations/turkey/istanbul/statistics
RU,668,1154,SFO-IX (SFO-IX),SFO-IX,Barnaul  Novosibirsk,Europe,2015-10-22T00:00:00Z,2019-06-17T15:34:33Z,http://www.milecom.ru,http://sfo-ix.ru/statistika.html
ES,724,1160,NIXVAL (Neutral Internet Exchange Valencia),NIXVAL-ix,Valencia,Europe,2015-11-02T00:00:00Z,2019-06-16T21:48:15Z,https://www.nixval.com/en/internet-exchange/,https://www.nixval.com/internet-exchange/#1461682919055-d347c803-0192
CA,669,1169,YEGIX (YEGIX),YEGIX,Edmonton,North America,2015-11-02T00:00:00Z,2019-06-18T23:44:25Z,http://www.yegix.ca/,http://www.yegix.ca/
CN,582,1172,CHN-IX Beijing,CHN-IX Beijing,Beijing,Asia Pacific,2015-12-01T00:00:00Z,2019-06-16T18:28:25Z,http://www.chn-ix.net,http://chn-ix.net/serviceability.html
US,613,1174,IX-SEA (Seattle IX),MegaIX Seattle,Seattle,North America,2015-12-08T00:00:00Z,2019-08-06T06:01:41Z,https://megaport.com,https://www.megaport.com/services/ix-statistics/
US,611,1175,IX-LAX (Los Angeles IX),MegaIX Los Angeles,Los Angeles,North America,2015-12-08T00:00:00Z,2019-08-06T06:01:42Z,https://megaport.com,https://www.megaport.com/services/ix-statistics/
US,610,1180,IX-DAL (Dallas IX),MegaIX Dallas,Dallas,North America,2015-12-08T00:00:00Z,2019-08-06T06:01:44Z,https://megaport.com,https://www.megaport.com/services/ix-statistics/
US,650,1207,IX-Denver (Interconnection Exchange Denver),IX-Denver,Denver,North America,2016-01-10T00:00:00Z,2019-07-03T17:01:05Z,https://ix-denver.org,https://portal.ix-denver.org/statistics/ixp
KH,432,1209,CNX (Cambodian Network Exchange),CNX,Phnom Penh,Asia Pacific,2016-01-13T00:00:00Z,2019-06-17T08:53:39Z,http://cnx.net.kh,http://cnx.net.kh/traffic/
DE,565,1214,DE-CIX DUS (DE-CIX Dusseldorf),DE-CIX Dusseldorf,D¨¹sseldorf,Europe,2016-01-28T00:00:00Z,2019-08-06T12:01:36Z,https://www.de-cix.net/locations/germany/dusseldorf,https://dus.de-cix.net
AU,607,1235,IX-PER (Perth IX),MegaIX Perth,Perth,Australia,2016-02-27T00:00:00Z,2019-08-06T06:01:44Z,https://megaport.com,https://www.megaport.com/services/ix-statistics/
RU,678,1242,W-IX (W-IX),W-IX,Moscow,Europe,2016-03-18T10:53:09Z,2019-06-18T23:49:17Z,http://www.w-ix.ru,https://www.w-ix.ru/i/w-ix-g.png
US,580,1249,DE-CIX Dallas (DE-CIX Dallas),DE-CIX Dallas,Dallas,North America,2016-03-22T15:29:10Z,2019-06-16T18:04:22Z,https://www.de-cix.net/en/locations/united-states/dallas,https://www.de-cix.net/locations/united-states/dallas/statistics
BR,616,1276,Foz do Igua??u (IGU) (IX.br - Foz do Igua??u (IGU)),IX.br (PTT.br) Foz do Igua??u,Foz do Igua??u/PR,South America,2016-04-13T10:59:21Z,2019-06-17T09:08:51Z,http://ix.br/,http://ix.br/trafego/agregado/igu
ES,470,1277,DE-CIX MAD (DE-CIX Madrid),DE-CIX Madrid,Madrid,Europe,2016-04-13T14:11:26Z,2019-08-07T12:01:48Z,https://mad.de-cix.net,https://www.de-cix.net/locations/spain/madrid/statistics
US,679,1285,SIX Seattle (Jumbo) (Seattle Internet Exchange (9000 MTU)),SIX Seattle (Jumbo),Seattle,North America,2016-04-21T14:40:58Z,2019-06-18T23:50:09Z,https://www.seattleix.net/,https://www.seattleix.net/statistics/
CA,575,1307,IX-TOR (Toronto IX),MegaIX Toronto,Toronto,North America,2016-05-12T14:56:25Z,2019-08-06T06:01:44Z,https://megaport.com,https://www.megaport.com/services/ix-statistics/
NL,681,1308,LSIX,LSIX,The Hague,Europe,2016-05-12T17:46:39Z,2019-06-19T01:21:20Z,https://lsix.net,https://my.lsix.net
IN,117,1317,NIXI - Kolkata (National Internet Exchange of India - Kolkata),NIXI Kolkata,Kolkata,Asia Pacific,2016-05-21T14:58:57Z,2019-06-18T08:38:34Z,http://nixi.in,http://nixi.in
FR,,1320,,Hopus,Paris  Lyon  Marseille  Geneva  Amsterdam  Frankfurt,Europe,2016-05-25T11:26:20Z,,https://hopus.net,https://hopus.net/stats
DE,747,1329,Community-IX DE,Community-IX,Berlin,Europe,2016-06-06T08:54:17Z,2019-06-19T00:04:16Z,http://www.community-ix.de/,https://www.community-ix.de/technik/
FI,171,1332,FICIX - Espoo (Finnish Communication and Internet Exchange - Espoo),FICIX 1 (Espoo),Espoo,Europe,2016-06-14T22:19:37Z,2019-05-29T00:19:46Z,https://www.ficix.fi/,https://stats-ficix.basen.com/#/page?name=StatsWelcome&source=wiki
MG,685,1335,MGIX (Madagascar Global Internet eXchange),MGIX,Antananarivo,Africa,2016-06-18T12:04:25Z,2019-06-18T23:51:01Z,http://www.mgix.mg,http://www.mgix.mg/statistiques/
CN,,1375,,CHN-IX Shanghai,Shanghai,Asia Pacific,2016-07-19T07:29:03Z,,http://www.chn-ix.net,https://stats.chn-ix.net/index.html
NO,199,1418,TIX Troms?? (Troms?? Internet Exchange),TIX Troms??,Troms??,Europe,2016-08-22T23:28:39Z,2019-06-18T08:43:42Z,https://www.nix.no,https://www.nix.no/statistics/
NO,200,1419,SIX Stavanger (Stavanger Internet Exchange),SIX Stavanger,Stavanger,Europe,2016-08-22T23:30:20Z,2019-06-17T08:19:11Z,https://www.nix.no,https://www.nix.no/statistics/
NO,193,1420,TRDIX (Trondheim Internet Exchange),TRDIX Trondheim,Trondheim,Europe,2016-08-22T23:33:31Z,2019-06-17T08:16:16Z,https://www.nix.no,https://www.nix.no/statistics/
FR,527,1428,GrenoblIX (Grenoble Internet eXchange Point),GrenoblIX,Grenoble,Europe,2016-09-06T12:26:33Z,2019-08-07T13:04:58Z,http://grenoblix.net/,https://vm-monitoring-1.rezopole.net/stats-services/all_traffic_exchanged_grenoblix/grenoblix.html
FI,440,1464,Equinix Helsinki (Equinix Helsinki),Equinix Helsinki,Helsinki,Europe,2016-09-30T18:22:54Z,2019-08-07T13:04:58Z,https://www.equinix.fi/services/interconnection-connectivity/internet-exchange/,https://ix.equinix.com/
AR,626,1481,NAP CABASE - San Luis (NAP CABASE - San Luis),CABASE-SLU - IX Argentina (San Luis),San Luis,South America,2016-10-14T18:14:52Z,2019-06-18T22:24:52Z,http://www.cabase.org.ar,http://www.cabase.org.ar
AR,795,1484,CABASE-NGB - IX Argentina (Pilar),CABASE-NGB - IX Argentina (Pilar),Pilar,South America,2016-10-14T18:16:58Z,2019-06-18T22:43:06Z,http://www.cabase.org.ar,http://www.cabase.org.ar
MU,546,1508,mixp (Mauritius Internet eXchange Point),MIXP,Ebene,Africa,2016-11-03T12:24:30Z,2019-06-18T23:31:23Z,http://www.mixp.org/,http://www.mixp.org/
CL,680,1514,PIT Santiago - PIT Chile,PIT Santiago - PIT Chile,Santiago,South America,2016-11-11T11:54:40Z,2019-06-19T01:36:55Z,http://www.pitchile.cl,http://www.pitchile.cl/wp/?page_id=37
PL,540,1516,IX.LODZ.PL (Lodz Telecommunication Node),IX.LODZ.PL,??¨®d??,Europe,2016-11-13T17:51:15Z,2019-06-17T15:24:16Z,http://ix.lodz.pl,http://ix.lodz.pl/statystyki/
PY,,1522,,IXpy,San Lorenzo,South America,2016-11-18T22:03:49Z,,http://ix.py,http://monitor.ix.py
PH,232,1561,PHOpenIX (Philippines Open Internet Exchange),PhOpenIX-Manila,Manila,Asia Pacific,2016-12-23T02:16:52Z,2019-06-19T01:10:13Z,http://www.phopenix.net,http://www.phopenix.net/traffic
IN,619,1623,AMS-IX India,AMS-IX India,Mumbai,Asia Pacific,2017-02-07T09:14:28Z,2019-08-07T10:00:54Z,https://ams-ix.in/,https://stats-mum.ams-ix.net/
US,647,1628,IX-LAS (Las Vegas IX),MegaIX Las Vegas,Las Vegas,North America,2017-02-09T04:23:24Z,2019-08-06T06:01:46Z,https://megaport.com,https://www.megaport.com/services/ix-statistics/
EC,,1660,,IXP Ecuador - STD,Santo Domingo,South America,2017-03-03T20:27:04Z,,http://www.ixp.ec,http://www.ixp.ec
US,684,1668,CIX-ATL,CIX-ATL,Atlanta,North America,2017-03-16T17:11:36Z,2019-06-17T17:37:34Z,http://www.communityix.org,https://atl.communityix.org/grapher/ixp?period=month
US,743,1679,Northern New England Neutral Internet Exchange,NNENIX,Portland,North America,2017-03-28T18:37:21Z,2019-06-17T15:42:37Z,http://www.nnenix.net,https://ixp.nnenix.net/statistics/ixp
BR,631,1684,Aracaju (SE) (IX.br - Aracaju),IX.br (PTT.br) Aracaju,Aracaju/SE,South America,2017-03-29T15:38:50Z,2019-06-16T18:44:24Z,http://ix.br/,http://ix.br/trafego/agregado/se
LV,686,1748,MSK-IX Riga,MSK-IX Riga,Riga,Europe,2017-05-23T14:28:50Z,2019-06-18T23:58:41Z,http://www.msk-ix.ru/en/ix/rix,http://www.msk-ix.ru/en/traffic
NL,737,1812,ams (Asteroid Amsterdam IX),Asteroid Amsterdam,Amsterdam,Europe,2017-07-18T07:56:53Z,2019-08-07T13:04:58Z,https://www.asteroidhq.com/ixp-locations/1,https://www.asteroidhq.com/statistics/1
CA,,1829,,YXEIX,Saskatoon,North America,2017-07-24T19:28:13Z,,http://yxeix.ca,http://yxeix.ca/graphs.html
NL,,1842,,Speed-IX,Dronten,Europe,2017-08-03T20:17:52Z,,https://speed-ix.net,https://speed-ix.net/statistic/
BR,789,1847,IX.br (PTT.br) Santa Maria,IX.br (PTT.br) Santa Maria,Santa Maria/RS,South America,2017-08-08T18:24:38Z,2019-06-17T21:14:45Z,http://ix.br/,http://ix.br/trafego/agregado/ria
CN,,1861,,CN-IX-SH,ShangHai,Asia Pacific,2017-08-18T03:20:35Z,,http://www.cn-ix.com,http://www.cn-ix.com
CN,,1862,,CN-IX-BJ,BeiJing,Asia Pacific,2017-08-18T03:36:15Z,,http://www.cn-ix.com,http://www.cn-ix.com
CN,,1863,,CN-IX-GZ,GuangZhou,Asia Pacific,2017-08-18T03:37:09Z,,http://www.cn-ix.com,http://www.cn-ix.com
SE,712,1868,STHIX - Gothenburg (Stockholm Internet eXchange AB),STHIX - Gothenburg,Gothenburg,Europe,2017-08-23T08:54:22Z,2019-08-07T12:01:45Z,http://www.sthix.net,http://www.sthix.net
DK,713,1869,STHIX - Copenhagen (Stockholm Internet eXchange AB),STHIX - Copenhagen,Copenhagen,Europe,2017-08-23T08:56:43Z,2019-08-07T12:01:46Z,http://www.sthix.net,https://www.sthix.net/index.php/home/statistics/
NG,,1870,,IXPN Abuja,Abuja,Africa,2017-08-23T17:40:26Z,,http://www.ixp.net.ng,https://traffics.ixp.net.ng/sensor.htm?id=2876&tabid=1
CN,,1886,,Cnean,BeiJing,Asia Pacific,2017-08-29T09:13:57Z,,http://www.cnean.com,http://www.cnean.com
PL,721,1919,APLIX.PL (APLIX),APLIX,Gdynia,Europe,2017-09-19T08:22:23Z,2019-06-16T21:39:56Z,http://www.aplix.pl,http://www.aplix.pl
SE,718,1923,Equinix Stockholm (Equinix Stockholm),Equinix Stockholm,Stockholm,Europe,2017-09-22T14:00:51Z,2019-08-07T13:04:58Z,https://www.equinix.se/services/interconnection-connectivity/internet-exchange/,https://ix.equinix.com/
IT,719,1925,Equinix Milan (Equinix Milan),Equinix Milan,Milan,Europe,2017-09-22T18:04:51Z,2019-08-07T13:04:58Z,https://www.equinix.it/services/interconnection-connectivity/internet-exchange/,https://ix.equinix.com/
IE,714,1926,Equinix Dublin (Equinix Dublin),Equinix Dublin,Dublin,Europe,2017-09-22T18:06:18Z,2019-08-07T13:04:58Z,http://www.equinix.ie/services/interconnection-connectivity/internet-exchange/,https://ix.equinix.com/
GB,717,1927,Equinix Manchester (Equinix Manchester),Equinix Manchester,Manchester,Europe,2017-09-22T18:07:36Z,2019-08-07T13:04:58Z,http://www.equinix.co.uk/services/interconnection-connectivity/internet-exchange/,https://ix.equinix.com/
BR,787,1983,IX.br (PTT.br) Jo??o Pessoa,IX.br (PTT.br) Jo??o Pessoa,Jo??o Pessoa/PB,South America,2017-10-27T17:08:20Z,2019-06-17T20:53:17Z,http://ix.br/,http://ix.br/trafego/agregado/jpa
GB,716,1997,Equinix London (Equinix London),Equinix London,London,Europe,2017-11-06T11:14:19Z,2019-08-07T13:04:58Z,https://www.equinix.co.uk/services/interconnection-connectivity/internet-exchange/,https://ix.equinix.com/
DE,715,1998,Equinix Frankfurt (Equinix Frankfurt),Equinix Frankfurt,Frankfurt,Europe,2017-11-06T11:14:25Z,2019-08-07T13:04:58Z,https://www.equinix.de/services/interconnection-connectivity/internet-exchange/,https://ix.equinix.com/
US,729,1999,PIT-IX (Pittsburgh Internet Exchange),PIT-IX,Pittsburgh,North America,2017-11-07T18:08:16Z,2019-06-16T21:49:40Z,https://pit-ix.net,https://pit-ix.net/stats
AL,746,2004,ANIX (Albanian Neutral Internet eXchange),ANIX - Albanian Neutral Internet eXchange,Tirana,Europe,2017-11-13T14:18:57Z,2019-02-20T10:06:14Z,http://www.anix.al,http://www.anix.al/stats
LT,741,2005,BALT-IX (Baltic Internet Exchange),BALT-IX,Vilnius,Europe,2017-11-14T08:28:53Z,2019-06-17T10:01:41Z,http://www.balt-ix.lt,http://stats.balt-ix.net
NL,779,2031,Equinix Amsterdam,Equinix Amsterdam,Amsterdam,Europe,2017-12-06T10:45:13Z,2019-06-16T21:28:47Z,https://www.equinix.nl/services/interconnection-connectivity/internet-exchange/,https://ix.equinix.com/
US,,2032,,Sacramento-IX,Sacramento,North America,2017-12-08T02:22:00Z,,http://www.sacramento-ix.net,http://www.sacramento-ix.net
RU,,2035,,Eurasia Peering IX,Moscow,Europe,2017-12-11T17:23:26Z,,http://eurasiapeering.com/,http://eurasiapeering.com/traffic.htm
AR,794,2039,CABASE-OGB - IX Argentina (Moreno),CABASE-OGB - IX Argentina (Moreno),Moreno,South America,2017-12-12T21:29:44Z,2019-06-18T22:40:46Z,http://www.cabase.org.ar,http://www.cabase.org.ar
AR,707,2040,NAP CABASE - Resistencia (NAP CABASE - Resistencia),CABASE-RST - IX Argentina (Resistencia),Resistencia,South America,2017-12-12T21:39:07Z,2019-06-17T09:16:28Z,http://www.cabase.org.ar,http://www.cabase.org.ar
CA,,2070,,MonctonIX,Moncton,North America,2018-01-18T19:29:41Z,,http://monctonix.ca,http://monctonix.ca
BR,792,2078,IX.br (PTT.br) Teresina,IX.br (PTT.br) Teresina,Teresina/PI,South America,2018-01-23T10:56:25Z,2019-06-17T21:07:29Z,http://ix.br/,http://ix.br/trafego/agregado/the
DE,775,2084,LocIX (LocIX Internet Exchange),LocIX,Frankfurt am Main,Europe,2018-02-01T13:31:42Z,2019-07-24T15:01:38Z,https://locix.online,https://locix.online/stats
BR,790,2086,IX.br (PTT.br) S??o Lu¨ªs,IX.br (PTT.br) S??o Lu¨ªs,S??o Lu¨ªs/MA,South America,2018-02-05T16:33:07Z,2019-06-17T21:15:13Z,http://ix.br/,http://ix.br/trafego/agregado/slz
MM,,2102,,MMIX,Yangon,Asia Pacific,2018-02-26T16:50:52Z,,http://www.mm-ix.net,http://103.103.194.2:8300/graph_image.php?local_graph_id=41&rra_id=1
GU,,2116,,GOREX,Tumon,Asia Pacific,2018-03-09T05:13:54Z,,https://gorex.uog.edu,http://perfsonar.uog.edu
ES,783,2130,Equinix Madrid,Equinix Madrid,Madrid,Europe,2018-03-22T13:45:50Z,2019-06-17T20:03:41Z,https://ix.equinix.com/home/madrid/,https://ix.equinix.com/
PT,782,2131,Equinix Lisbon,Equinix Lisbon,Lisbon,Europe,2018-03-22T13:46:38Z,2019-06-16T21:33:22Z,https://ix.equinix.com/home/lisbon/,https://ix.equinix.com/
RU,761,2149,Piter-IX (Piter-IX),PITER-IX,St.Petersburg,Europe,2018-04-02T20:32:10Z,2019-08-03T04:01:04Z,http://piter-ix.ru,http://lg.piter-ix.ru
CL,,2176,,PIT entel,Santiago,South America,2018-04-30T19:20:42Z,,http://www.pitentel.cl,http://www.pitentel.cl
US,780,2182,Equinix Denver,Equinix Denver,Denver,North America,2018-05-07T21:23:04Z,2019-06-16T21:30:34Z,https://www.equinix.com,https://ix.equinix.com
US,781,2183,Equinix Houston,Equinix Houston,Houston,North America,2018-05-07T21:23:57Z,2019-06-16T21:32:03Z,https://www.equinix.com,https://ix.equinix.com
US,766,2186,Baltimore IX,Baltimore IX,Baltimore,North America,2018-05-13T21:54:50Z,2019-03-27T18:40:04Z,https://baltimoreix.net,https://baltimoreix.net/stats
AF,749,2245,National Internet Exchange Of Afghanistan (NIXA),NIXA,Kabul,Asia Pacific,2018-06-26T00:34:19Z,2019-06-19T01:05:56Z,http://www.nixa.af,http://www.nixa.af
KZ,,2250,,KAZ-GOV-IX,Astana,Asia Pacific,2018-06-29T06:54:22Z,,http://sts.kz/,http://lg-ix.sts.kz/
TT,799,2272,TTIX2,TTIX2,Princes Town,South America,2018-07-18T20:58:43Z,2019-06-18T23:30:13Z,https://ix.tt,https://ix.tt/statistics/
US,756,2274,EVIX (Experimental Virtual Internet Exchange),EVIX,Fremont,North America,2018-07-19T16:24:58Z,2019-08-06T10:02:26Z,https://evix.org,https://evix.org
CO,776,2289,Equinix Bogot¨¢,Equinix Bogota,Bogota,South America,2018-08-02T17:59:16Z,2019-06-06T21:36:34Z,https://www.equinix.com,https://ix.equinix.com
BR,788,2291,IX.br (PTT.br) Macei¨®,IX.br (PTT.br) Macei¨®,Macei¨®/AL,South America,2018-08-06T12:42:57Z,2019-06-17T21:14:14Z,http://ix.br/,http://ix.br/trafego/agregado/mcz
IN,,2341,,REDIX Chennai,Chennai,Asia Pacific,2018-09-10T12:12:16Z,,https://redix.org,https://manage.redix.org
PR,,2353,,Puerto Rico Internet Exchange,San Juan,North America,2018-09-19T04:23:47Z,,https://www.puertorico-ix.com,https://www.puertorico-ix.com/stats
BT,757,2355,TTPL LAN (Bhutan Internet Exchange),btIX,Thimphu,Asia Pacific,2018-09-22T17:01:27Z,2019-06-13T09:00:41Z,https://www.btix.bt,https://www.btix.bt
CH,,2365,,CHIX-CH,Frauenfeld,Europe,2018-09-27T21:15:52Z,,https://chix.ch,https://chix.ch
GR,753,2386,GR-IX::Thessaloniki (Greek Internet Exchange),GR-IX::Thessaloniki,Thessaloniki,Europe,2018-11-02T11:13:23Z,2019-07-31T08:02:00Z,http://www.gr-ix.gr/,http://www.gr-ix.gr/traffic/
SO,754,2410,Somali Internet Exchange Point - Mogadishu,SoIXP,Mogadishu,Africa,2018-11-23T12:26:29Z,2019-06-18T12:28:53Z,http://www.soixp.so,https://portal.soixp.so/statistics/infrastructure
NG,,2415,,IXPN Port Harcourt,Port Harcourt,Africa,2018-11-28T12:49:35Z,,http://www.ixp.net.ng,https://traffics.ixp.net.ng/sensor.htm?id=3304&tabid=1
CH,,2447,,4b42 Internet Exchange Point,Zurich,Europe,2018-12-06T12:23:38Z,,https://www.4ixp.com,https://www.4ixp.net
CA,,2452,,UNM-Exch Canada-West,Vancouver,North America,2018-12-10T15:25:53Z,,http://unmetered.exchange,http://unmetered.exchange
TH,,2454,,CSL Thai-IX Malaysia,Bangkok,Asia Pacific,2018-12-11T03:18:51Z,,https://www.cslthai-ix.net,https://www.cslthai-ix.net
TH,,2494,,CSL Thai-IX Singapore,Bangkok,Asia Pacific,2019-01-31T01:47:49Z,,https://www.cslthai-ix.net,https://www.cslthai-ix.net
TH,,2495,,CSL Thai-IX Bangkok,Bangkok,Asia Pacific,2019-01-31T01:57:08Z,,https://www.cslthai-ix.net/,https://www.cslthai-ix.net
KZ,768,2497,KazNIX,KazNIX,Semey,Asia Pacific,2019-02-07T12:00:09Z,2019-04-17T05:46:13Z,https://kaznix.kz,https://kaznix.kz
BD,109,2516,BDIX - Dhaka (Bangladesh Internet Exchange),BDIX,Dhaka,Asia Pacific,2019-02-26T05:33:18Z,2019-05-28T18:12:48Z,http://www.bdix.net,http://www.bdix.net/stat.htm
KR,,2522,,Sejong Neutral-IX,Seoul,Asia Pacific,2019-03-07T01:44:11Z,,https://www.sejongtelecom.net/en/pages/service/data_network_nix,https://client.sjtel.net
TR,767,2527,Turk-IX,Turk-IX,Istanbul,Europe,2019-03-12T15:27:36Z,2019-03-28T16:02:05Z,https://www.turk-ix.com,https://www.turk-ix.com/monitoring.html
CM,798,2541,CAMIX Douala,CAMIX Douala,Douala  CAMTEL BEPANDA,Africa,2019-03-25T22:07:12Z,2019-06-18T23:23:36Z,http://www.camix.cm,http://www.camix.cm/index.php/statistiques-de-trafic-douala
US,,2551,,Digital Realty Chicago,Chicago,North America,2019-03-29T11:02:59Z,,https://ix.digitalrealty.com,https://ix.digitalrealty.com
CM,528,2554,CAMIX Yaounde,CAMIX Yaounde,Yaounde,Africa,2019-04-01T20:43:37Z,2019-06-18T23:23:05Z,http://www.camix.cm,http://camix.cm/index.php/techniques/technologies/statistiques-de-trafic
US,786,2558,NYIIX Philadelphia,NYIIX Philadelphia,Philadelphia,North America,2019-04-08T13:44:34Z,2019-06-17T18:01:58Z,https://www.nyiix.net/locations/nyiix-philadelphia/,https://www.nyiix.net/PHI-mrtg/sum.html
RU,,2568,,TN-IX,Novokuznetsk,Asia Pacific,2019-04-22T15:54:49Z,,http://tn-ix.net/,http://tn-ix.net/statistics/
US,,2585,,STLIX,Saint Louis  MO,North America,2019-05-09T01:40:13Z,,http://www.stlix.net,http://www.stlix.net
IN,688,2587,DE-CIX Delhi,DE-CIX Delhi,Delhi,Asia Pacific,2019-05-14T14:20:32Z,2019-06-19T01:14:35Z,https://www.de-cix.in/locations/de-cix-delhi,https://www.de-cix.in/statistics
IN,,2588,,DE-CIX Chennai,Chennai,Asia Pacific,2019-05-14T14:22:47Z,,https://www.de-cix.in/locations/de-cix-chennai,https://www.de-cix.in/
IN,689,2589,DE-CIX Kolkata,DE-CIX Kolkata,Kolkata,Asia Pacific,2019-05-14T14:25:01Z,2019-06-19T00:43:43Z,https://www.de-cix.in/,https://www.de-cix.in/
NL,774,2601,NLocix Netherlands (Netherland Local Internet Exchange),NLocIX,Meppel,Europe,2019-05-26T12:55:28Z,2019-07-25T10:02:25Z,http://www.nlocix.net,http://www.nlocix.net
UA,402,2611,KM-IX (Khmelnytskiy Internet Exchange),KM-IX,Khmelnitskiy,Europe,2019-06-13T21:23:38Z,2019-06-13T21:30:27Z,http://ix.km.ua/,http://ix.km.ua/traffic.html
BH,,2631,,Manama IX,Manama,Middle East,2019-07-11T14:01:53Z,,https://www.mn-ix.com,https://www.mn-ix.com/stats
ES,,2633,,Equinix Barcelona,Barcelona,Europe,2019-07-12T09:40:26Z,,https://ix.equinix.com/home/barcelona/,https://ix.equinix.com/
